{"cameraMode":{"drawMode":0,"name":"Shaded","section":"Shading Mode"},"sceneLighting":false,"audioPlay":false,"sceneViewState":{"showFog":true,"showMaterialUpdate":false,"showSkybox":false,"showFlares":true,"showImageEffects":true,"showParticleSystems":true,"showVisualEffectGraphs":true,"m_FxEnabled":true},"in2DMode":false,"pivot":{"x":-0.11630606651306153,"y":0.05327874422073364,"z":0.24915054440498353},"rotation":{"x":0.03734366595745087,"y":0.6552011370658875,"z":-0.03246134892106056,"w":0.7538530230522156},"size":0.7449973225593567,"orthographic":false}