{"cameraMode":{"drawMode":0,"name":"Shaded","section":"Shading Mode"},"sceneLighting":true,"audioPlay":false,"sceneViewState":{"showFog":true,"showMaterialUpdate":false,"showSkybox":true,"showFlares":true,"showImageEffects":true,"showParticleSystems":true,"showVisualEffectGraphs":true,"m_FxEnabled":true},"in2DMode":false,"pivot":{"x":8.684623718261719,"y":11.412556648254395,"z":3.07733154296875},"rotation":{"x":-0.022025998681783677,"y":0.20547877252101899,"z":0.004588091280311346,"w":0.9784306287765503},"size":5.0999603271484379,"orthographic":false}